[
    {
      "id": "1",
      "image": "images/s1.jpeg",
      "name": "Shoes 1",
      "description":
          "Your perfect companion for everyday use and walks in the forest. Either workout or treck or walk in your everyday walk",
     "price": "$45"
    },
    {
      "id": "2",
      "image": "images/s2.jpeg",
      "name": "Shoes 2",
     "description":
          "Your perfect companion for everyday use and walks in the forest. Either workout or treck or walk in your everyday walk",
     "price": "$40"
    },
    {
      "id": "3",
      "image": "images/s3.jpeg",
      "name": "Shoes 3",
      "description":
          "Your perfect companion for everyday use and walks in the forest. Either workout or treck or walk in your everyday walk",
     "price": "$50"
    },
    {
      "id": "4",
      "image": "images/s4.jpeg",
      "name": "Shoes 4",
      "description":
          "Your perfect companion for everyday use and walks in the forest. Either workout or treck or walk in your everyday walk",
     "price": "$25"
    },
    {
      "id": "5",
      "image": "images/s5.jpeg",
      "name": "Shoes 5",
      "description":
          "Your perfect companion for everyday use and walks in the forest. Either workout or treck or walk in your everyday walk",
     "price": "$65"
    },
    {
      "id": "6",
      "image": "images/s6.jpeg",
      "name": "Shoes 6",
      "description":
          "Your perfect companion for everyday use and walks in the forest. Either workout or treck or walk in your everyday walk",
     "price": "$78"
    },
    {
      "id": "7",
      "image": "images/s7.jpeg",
      "name": "Shoes 7",
      "description":
          "Your perfect companion for everyday use and walks in the forest. Either workout or treck or walk in your everyday walk",
     "price": "$57"
    },
    {
      "id": "8",
      "image":"images/s8.jpeg",
      "name": "Shoes 8",
      "description":
          "Your perfect companion for everyday use and walks in the forest. Either workout or treck or walk in your everyday walk",
     "price": "$40"
    },
    {
      "id": "9",
      "image":"images/s9.jpeg",
      "name": "Shoes 9",
      "description":
          "Your perfect companion for everyday use and walks in the forest. Either workout or treck or walk in your everyday walk",
     "price": "$36"
    }
  
  ]
  
  